{
  "instance": "instance_0003.txt",
  "status": "SUCCESS",
  "optimal_ratio": 12.0,
  "execution_time_seconds": 0.13041925430297852,
  "selected_orders": [
    4,
    9,
    10,
    19,
    22,
    29,
    57,
    63,
    72
  ],
  "used_aisles": [
    7,
    16,
    89,
    102
  ],
  "solution_x": [
    -0.0,
    0.0,
    -0.0,
    0.0,
    1.0000000000000004,
    0.0,
    -0.0,
    0.0,
    0.0,
    1.0000000000000004,
    1.0,
    0.0,
    -0.0,
    0.0,
    0.0,
    0.0,
    -0.0,
    -0.0,
    0.0,
    1.0,
    0.0,
    0.0,
    1.0,
    -0.0,
    0.0,
    0.0,
    0.0,
    -0.0,
    0.0,
    1.0,
    0.0,
    0.0,
    0.0,
    0.0,
    0.0,
    0.0,
    0.0,
    0.0,
    0.0,
    0.0,
    0.0,
    0.0,
    -0.0,
    -0.0,
    0.0,
    0.0,
    0.0,
    0.0,
    -0.0,
    0.0,
    0.0,
    0.0,
    -0.0,
    0.0,
    0.0,
    0.0,
    0.0,
    1.0,
    -0.0,
    0.0,
    0.0,
    0.0,
    0.0,
    1.0000000000000004,
    0.0,
    0.0,
    0.0,
    0.0,
    0.0,
    -0.0,
    0.0,
    0.0,
    1.0,
    0.0,
    0.0,
    0.0,
    0.0,
    -0.0,
    0.0,
    0.0,
    0.0,
    0.0
  ],
  "solution_y": [
    -0.0,
    0.0,
    -0.0,
    0.0,
    0.0,
    0.0,
    0.0,
    1.0,
    -0.0,
    0.0,
    0.0,
    -0.0,
    -0.0,
    -0.0,
    -0.0,
    0.0,
    1.0,
    0.0,
    -0.0,
    0.0,
    0.0,
    -0.0,
    0.0,
    0.0,
    0.0,
    0.0,
    -0.0,
    -0.0,
    -0.0,
    -0.0,
    -0.0,
    0.0,
    -0.0,
    -0.0,
    -0.0,
    0.0,
    -0.0,
    0.0,
    0.0,
    -0.0,
    -0.0,
    0.0,
    0.0,
    0.0,
    0.0,
    0.0,
    0.0,
    -0.0,
    0.0,
    -0.0,
    -0.0,
    -0.0,
    0.0,
    0.0,
    -0.0,
    0.0,
    -0.0,
    -0.0,
    0.0,
    0.0,
    0.0,
    0.0,
    -0.0,
    0.0,
    0.0,
    0.0,
    0.0,
    -0.0,
    -0.0,
    0.0,
    0.0,
    -0.0,
    0.0,
    0.0,
    -0.0,
    0.0,
    0.0,
    -0.0,
    0.0,
    -0.0,
    0.0,
    0.0,
    0.0,
    0.0,
    0.0,
    0.0,
    0.0,
    0.0,
    -0.0,
    1.0,
    0.0,
    0.0,
    -0.0,
    0.0,
    -0.0,
    0.0,
    0.0,
    -0.0,
    -0.0,
    0.0,
    -0.0,
    0.0,
    1.0000000000000004,
    -0.0,
    0.0,
    -0.0,
    -0.0,
    -0.0,
    -0.0,
    0.0,
    0.0,
    -0.0,
    0.0,
    -0.0,
    0.0,
    0.0,
    0.0,
    -0.0,
    0.0,
    -0.0,
    0.0,
    0.0,
    0.0,
    -0.0
  ],
  "num_selected_orders": 9,
  "num_used_aisles": 4
}